Name Block, Question Number, Answer, Correct Answer
Jonah N Tash X, 2, A, E
Jonah N Tash X, 1, C, B
Jonah N Tash X, 3, D, E
Jonah H Tash X, 2, C, A
Jonah H Tash X, 3, D, A
Jonah P Tash X, 3, A, E
Jonah P Tash X, 1, D, E
Jonah L Tash X, 3, C, D
Jonah L Tash X, 2, D, B
Jonah F Tash X, 3, A, C
Jonah F Tash X, 1, C, A
Jonah F Tash X, 2, D, E
Jonah VEG Tash X, 3, A, C
Jonah VEG Tash X, 2, C, A
Jonah VEG Tash X, 1, D, B
Jonah Y Tash X, 3, A, B
Jonah Y Tash X, 2, C, D
Jonah Y Tash X, 1, D, A
Jonah X Tash X, 2, D, E
